Workbook

Sheet Resumen IFRS17 TMR
A1: NMPOLIZA | B1: Supervivencia | C1: Auxilio Funerario | D1: Gasto Administrativo | E1: Gasto Auxilio | F1: Reserva Total | G1: FEVIGENCIA_INICIAL | H1: % GA_1 | I1: POINTERES_TECNICO | J1: LIBERACION_MESADA | K1: GASTO_AUXILIO
A2: 87020008786 | B2: 3.2111077e+08 | C2: 0 | D2: 12844431 | E2: 0 | F2: 3.339552e+08 | G2: 2024/08/01 | H2: 4 | I2: 4 | J2: 1750905 | K2: 0 | M2: =D2/B2 -> 0.04 | N2: =IFERROR(E2/C2,0) -> 0
A3: 87020008787 | B3: 5.303695e+08 | C3: 3098865.3 | D3: 21214780 | E3: 123954.61 | F3: 5.548071e+08 | G3: 2024/08/01 | H3: 4 | I3: 4 | J3: 1750905 | K3: 40.534013 | M3: =D3/B3 -> 0.04 | N3: =IFERROR(E3/C3,0) -> 0.04
A4: 87020008788 | B4: 4.6778272e+08 | C4: 0 | D4: 18711309 | E4: 0 | F4: 4.8649403e+08 | G4: 2024/08/01 | H4: 4 | I4: 4 | J4: 1750905 | K4: 0 | M4: =D4/B4 -> 0.04 | N4: =IFERROR(E4/C4,0) -> 0
A5: 87020008789 | B5: 4.3479276e+08 | C5: 0 | D5: 17391710 | E5: 0 | F5: 4.5218447e+08 | G5: 2024/08/01 | H5: 4 | I5: 4 | J5: 2160070.3 | K5: 0 | M5: =D5/B5 -> 0.04 | N5: =IFERROR(E5/C5,0) -> 0
A6: 87020008790 | B6: 3.8313983e+08 | C6: 2814497.8 | D6: 15325593 | E6: 112579.91 | F6: 4.013925e+08 | G6: 2024/08/01 | H6: 4 | I6: 4 | J6: 1750905 | K6: 32.550767 | M6: =D6/B6 -> 0.04 | N6: =IFERROR(E6/C6,0) -> 0.04
A7: 87020008791 | B7: 4.7331104e+08 | C7: 0 | D7: 18932442 | E7: 0 | F7: 4.9224348e+08 | G7: 2024/08/01 | H7: 4 | I7: 4 | J7: 1750905 | K7: 0 | M7: =D7/B7 -> 0.04 | N7: =IFERROR(E7/C7,0) -> 0
A8: 87020008792 | B8: 2.9415874e+08 | C8: 0 | D8: 11766350 | E8: 0 | F8: 3.0592509e+08 | G8: 2024/09/01 | H8: 4 | I8: 4 | J8: 1750905 | K8: 0 | M8: =D8/B8 -> 0.04 | N8: =IFERROR(E8/C8,0) -> 0
A9: 87020008793 | B9: 2.7068785e+08 | C9: 0 | D9: 10827514 | E9: 0 | F9: 2.8151537e+08 | G9: 2024/09/01 | H9: 4 | I9: 4 | J9: 1750905 | K9: 0 | M9: =D9/B9 -> 0.04 | N9: =IFERROR(E9/C9,0) -> 0
A10: 87020008794 | B10: 4.5746463e+08 | C10: 2196278.7 | D10: 18298585 | E10: 87851.146 | F10: 4.7804734e+08 | G10: 2024/11/01 | H10: 4 | I10: 4 | J10: 1750905 | K10: 11.779404 | M10: =D10/B10 -> 0.04 | N10: =IFERROR(E10/C10,0) -> 0.04
A11: 87020008795 | B11: 1.3722446e+09 | C11: 0 | D11: 41167339 | E11: 0 | F11: 1.413412e+09 | G11: 2024/11/01 | H11: 3 | I11: 4 | J11: 5566580.8 | K11: 0 | M11: =D11/B11 -> 0.03 | N11: =IFERROR(E11/C11,0) -> 0
A12: 87020008796 | B12: 10268837 | C12: 0 | D12: 410753.47 | E12: 0 | F12: 10679590 | G12: 2024/12/01 | H12: 4 | I12: 4 | J12: 1750905 | K12: 0 | M12: =D12/B12 -> 0.04 | N12: =IFERROR(E12/C12,0) -> 0
A13: 87020008797 | B13: 4.3024786e+08 | C13: 0 | D13: 17209914 | E13: 0 | F13: 4.4745778e+08 | G13: 2025/02/01 | H13: 4 | I13: 4 | J13: 1750905 | K13: 0 | M13: =D13/B13 -> 0.04 | N13: =IFERROR(E13/C13,0) -> 0
... A34: 87020008819 | B34: 2.905625e+08 | C34: 0 | D34: 8716875.1 | E34: 0 | F34: 2.9927938e+08 | G34: 2026/03/01 | H34: 3 | I34: 4 | J34: 1750905 | K34: 0 | M34: =D34/B34 -> 0.03 | N34: =IFERROR(E34/C34,0) -> 0
B36: -4.2039523e+08 | C36: -2714255.5 | D36: -17809311 | E36: -108570.22
B37: =+B30+B36 -> 0.49729687 | C37: =+C30+C36 -> 0.3477656 | D37: =+D30+D36 -> -993502.36 | E37: =+E30+E36 -> 0.013910624
D39: =+D36/B30 -> -0.042363258
B41: 4.5746462e+08 | C41: 2196274.3 | D41: 19250508
B44: =D46 -> 0
B46: =SUBTOTAL(9,D51) -> 0

Sheet Resumen Contable TMR
A1: NMPOLIZA | B1: Supervivencia | C1: Auxilio Funerario | D1: Gasto Administrativo | E1: Gasto Auxilio | F1: Reserva Total | G1: FEVIGENCIA_INICIAL | H1: % GA_1 | I1: POINTERES_TECNICO | J1: LIBERACION_MESADA | K1: GASTO_AUXILIO
A2: 87020008786 | B2: 2.9865165e+08 | C2: 0 | D2: 11946066 | E2: 0 | F2: 3.1059771e+08 | G2: 2024/08/01 | H2: 4 | I2: 4 | J2: 1750905 | K2: 0
A3: 87020008787 | B3: 5.1026577e+08 | C3: 3844445 | D3: 20410631 | E3: 153777.8 | F3: 5.3467463e+08 | G3: 2024/08/01 | H3: 4 | I3: 4 | J3: 1750905 | K3: 40.534013
A4: 87020008788 | B4: 4.4198628e+08 | C4: 0 | D4: 17679451 | E4: 0 | F4: 4.5966573e+08 | G4: 2024/08/01 | H4: 4 | I4: 4 | J4: 1750905 | K4: 0
A5: 87020008789 | B5: 4.1214886e+08 | C5: 0 | D5: 16485954 | E5: 0 | F5: 4.2863481e+08 | G5: 2024/08/01 | H5: 4 | I5: 4 | J5: 2160070.3 | K5: 0
A6: 87020008790 | B6: 3.3215371e+08 | C6: 3583377.2 | D6: 13286148 | E6: 143335.09 | F6: 3.4916657e+08 | G6: 2024/08/01 | H6: 4 | I6: 4 | J6: 1750905 | K6: 32.550767
A7: 87020008791 | B7: 4.4777203e+08 | C7: 0 | D7: 17910881 | E7: 0 | F7: 4.6568291e+08 | G7: 2024/08/01 | H7: 4 | I7: 4 | J7: 1750905 | K7: 0
A8: 87020008792 | B8: 2.7835344e+08 | C8: 0 | D8: 11134138 | E8: 0 | F8: 2.8948758e+08 | G8: 2024/09/01 | H8: 4 | I8: 4 | J8: 1750905 | K8: 0
A9: 87020008793 | B9: 2.5232208e+08 | C9: 0 | D9: 10092883 | E9: 0 | F9: 2.6241497e+08 | G9: 2024/09/01 | H9: 4 | I9: 4 | J9: 1750905 | K9: 0
A10: 87020008794 | B10: 3.8926981e+08 | C10: 3151685.4 | D10: 15570792 | E10: 126067.42 | F10: 4.0811835e+08 | G10: 2024/11/01 | H10: 4 | I10: 4 | J10: 1750905 | K10: 11.779404
A11: 87020008795 | B11: 1.3177953e+09 | C11: 0 | D11: 39533860 | E11: 0 | F11: 1.3573292e+09 | G11: 2024/11/01 | H11: 3 | I11: 4 | J11: 5566580.8 | K11: 0
A12: 87020008796 | B12: 10268578 | C12: 0 | D12: 410743.12 | E12: 0 | F12: 10679321 | G12: 2024/12/01 | H12: 4 | I12: 4 | J12: 1750905 | K12: 0
A13: 87020008797 | B13: 4.0362385e+08 | C13: 0 | D13: 16144954 | E13: 0 | F13: 4.197688e+08 | G13: 2025/02/01 | H13: 4 | I13: 4 | J13: 1750905 | K13: 0
... A34: 87020008819 | B34: 2.9039342e+08 | C34: 0 | D34: 8711802.6 | E34: 0 | F34: 2.9910522e+08 | G34: 2026/03/01 | H34: 3 | I34: 4 | J34: 1750905 | K34: 0

Sheet Prototipo
B2: Poliza | C2: Reserva NIIF 4 | D2: Matricial | F2: Reserva Rentas ExtraLong | G2: Reserva Mortalidad ExtraLong | H2: Reserva Gastos ExtraLong | I2: Total Prototipo
B3: 87020008786 | C3: 3.1059771e+08 | D3: =VLOOKUP(B3,'Resumen Contable TMR'!$A$1:$F$34,6,FALSE) -> 3.1059771e+08 | E3: =C3-D3 -> -0.22641015 | F3: 3.2111077e+08 | G3: 0 | H3: 12844431 | I3: =SUM(F3:H3) -> 3.339552e+08 | J3: =VLOOKUP(B3,'Resumen IFRS17 TMR'!$A$1:$F$34,6,FALSE) -> 3.339552e+08 | K3: =I3-J3 -> -0.16912997
B4: 87020008787 | C4: 5.3467463e+08 | D4: =VLOOKUP(B4,'Resumen Contable TMR'!$A$1:$F$34,6,FALSE) -> 5.3467463e+08 | E4: =C4-D4 -> -0.074623585 | F4: 5.303695e+08 | G4: 3098863.5 | H4: 21472211 | I4: =SUM(F4:H4) -> 5.5494057e+08 | J4: =VLOOKUP(B4,'Resumen IFRS17 TMR'!$A$1:$F$34,6,FALSE) -> 5.548071e+08 | K4: =I4-J4 -> 133475.17 | M4: =H4/(SUM(F4:G4)) -> 0.040250206
B5: 87020008788 | C5: 4.5966573e+08 | D5: =VLOOKUP(B5,'Resumen Contable TMR'!$A$1:$F$34,6,FALSE) -> 4.5966573e+08 | E5: =C5-D5 -> 0.5710783 | F5: 4.6778272e+08 | G5: 0 | H5: 18711309 | I5: =SUM(F5:H5) -> 4.8649403e+08 | J5: =VLOOKUP(B5,'Resumen IFRS17 TMR'!$A$1:$F$34,6,FALSE) -> 4.8649403e+08 | K5: =I5-J5 -> 0.42409229
B6: 87020008789 | C6: 4.2863481e+08 | D6: =VLOOKUP(B6,'Resumen Contable TMR'!$A$1:$F$34,6,FALSE) -> 4.2863481e+08 | E6: =C6-D6 -> 0.19332623 | F6: 4.3479276e+08 | G6: 0 | H6: 17391710 | I6: =SUM(F6:H6) -> 4.5218447e+08 | J6: =VLOOKUP(B6,'Resumen IFRS17 TMR'!$A$1:$F$34,6,FALSE) -> 4.5218447e+08 | K6: =I6-J6 -> 0.17668229
B7: 87020008790 | C7: 3.4916657e+08 | D7: =VLOOKUP(B7,'Resumen Contable TMR'!$A$1:$F$34,6,FALSE) -> 3.4916657e+08 | E7: =C7-D7 -> -0.44661808 | F7: 3.8313983e+08 | G7: 2814497.4 | H7: 16321721 | I7: =SUM(F7:H7) -> 4.0227604e+08 | J7: =VLOOKUP(B7,'Resumen IFRS17 TMR'!$A$1:$F$34,6,FALSE) -> 4.013925e+08 | K7: =I7-J7 -> 883547.27 | M7: =H7/(SUM(F7:G7)) -> 0.042289255
B8: 87020008791 | C8: 4.6568291e+08 | D8: =VLOOKUP(B8,'Resumen Contable TMR'!$A$1:$F$34,6,FALSE) -> 4.6568291e+08 | E8: =C8-D8 -> 0.58178055 | F8: 4.7331104e+08 | G8: 0 | H8: 18932442 | I8: =SUM(F8:H8) -> 4.9224348e+08 | J8: =VLOOKUP(B8,'Resumen IFRS17 TMR'!$A$1:$F$34,6,FALSE) -> 4.9224348e+08 | K8: =I8-J8 -> 0.42521936
B9: 87020008792 | C9: 2.8948758e+08 | D9: =VLOOKUP(B9,'Resumen Contable TMR'!$A$1:$F$34,6,FALSE) -> 2.8948758e+08 | E9: =C9-D9 -> 0.037090778 | F9: 2.9415874e+08 | G9: 0 | H9: 11766350 | I9: =SUM(F9:H9) -> 3.0592509e+08 | J9: =VLOOKUP(B9,'Resumen IFRS17 TMR'!$A$1:$F$34,6,FALSE) -> 3.0592509e+08 | K9: =I9-J9 -> 0.039893866
B10: 87020008793 | C10: 2.6241497e+08 | D10: =VLOOKUP(B10,'Resumen Contable TMR'!$A$1:$F$34,6,FALSE) -> 2.6241497e+08 | E10: =C10-D10 -> -0.0073752701 | F10: 2.7068785e+08 | G10: 0 | H10: 10827514 | I10: =SUM(F10:H10) -> 2.8151537e+08 | J10: =VLOOKUP(B10,'Resumen IFRS17 TMR'!$A$1:$F$34,6,FALSE) -> 2.8151537e+08 | K10: =I10-J10 -> -0.0041384101
B11: 87020008794 | C11: 4.0811835e+08 | D11: =VLOOKUP(B11,'Resumen Contable TMR'!$A$1:$F$34,6,FALSE) -> 4.0811835e+08 | E11: =C11-D11 -> -0.68377209 | F11: 4.5746462e+08 | G11: 2196274.3 | H11: 19250508 | I11: =SUM(F11:H11) -> 4.7891141e+08 | J11: =VLOOKUP(B11,'Resumen IFRS17 TMR'!$A$1:$F$34,6,FALSE) -> 4.7804734e+08 | K11: =I11-J11 -> 864067.8 | M11: =H11/(SUM(F11:G11)) -> 0.041879804
B12: 87020008795 | C12: 1.3573292e+09 | D12: =VLOOKUP(B12,'Resumen Contable TMR'!$A$1:$F$34,6,FALSE) -> 1.3573292e+09 | E12: =C12-D12 -> -0.20692086 | F12: 1.3722446e+09 | G12: 0 | H12: 41167339 | I12: =SUM(F12:H12) -> 1.413412e+09 | J12: =VLOOKUP(B12,'Resumen IFRS17 TMR'!$A$1:$F$34,6,FALSE) -> 1.413412e+09 | K12: =I12-J12 -> -0.10315394
B13: 87020008796 | C13: 10679321 | D13: =VLOOKUP(B13,'Resumen Contable TMR'!$A$1:$F$34,6,FALSE) -> 10679321 | E13: =C13-D13 -> -0.00088103116 | F13: 10268837 | G13: 0 | H13: 410753.47 | I13: =SUM(F13:H13) -> 10679590 | J13: =VLOOKUP(B13,'Resumen IFRS17 TMR'!$A$1:$F$34,6,FALSE) -> 10679590 | K13: =I13-J13 -> -0.00074154325
B14: 87020008797 | C14: 4.197688e+08 | D14: =VLOOKUP(B14,'Resumen Contable TMR'!$A$1:$F$34,6,FALSE) -> 4.197688e+08 | E14: =C14-D14 -> -0.063609481 | F14: 4.3024786e+08 | G14: 0 | H14: 17209914 | I14: =SUM(F14:H14) -> 4.4745778e+08 | J14: =VLOOKUP(B14,'Resumen IFRS17 TMR'!$A$1:$F$34,6,FALSE) -> 4.4745778e+08 | K14: =I14-J14 -> -0.038042545
B15: 87020008798 | C15: 3.3588286e+08 | D15: =VLOOKUP(B15,'Resumen Contable TMR'!$A$1:$F$34,6,FALSE) -> 3.3588286e+08 | E15: =C15-D15 -> -0.25050795 | F15: 3.5333597e+08 | G15: 4082858.5 | H15: 14758540 | I15: =SUM(F15:H15) -> 3.7217737e+08 | J15: =VLOOKUP(B15,'Resumen IFRS17 TMR'!$A$1:$F$34,6,FALSE) -> 3.7171559e+08 | K15: =I15-J15 -> 461785.64 | M15: =H15/(SUM(F15:G15)) -> 0.041292004
B16: 87020008799 | C16: 3.8310612e+08 | D16: =VLOOKUP(B16,'Resumen Contable TMR'!$A$1:$F$34,6,FALSE) -> 3.8310612e+08 | E16: =C16-D16 -> -1.3884687 | F16: 4.1444958e+08 | G16: 3054827.2 | H16: 16827527 | I16: =SUM(F16:H16) -> 4.3433193e+08 | J16: =VLOOKUP(B16,'Resumen IFRS17 TMR'!$A$1:$F$34,6,FALSE) -> 4.3420459e+08 | K16: =I16-J16 -> 127342.81 | M16: =H16/(SUM(F16:G16)) -> 0.040305029
B17: 87020008800 | C17: 5.0166263e+08 | D17: =VLOOKUP(B17,'Resumen Contable TMR'!$A$1:$F$34,6,FALSE) -> 5.0166263e+08 | E17: =C17-D17 -> 0.12552148 | F17: 5.0137558e+08 | G17: 3362617.3 | H17: 20339350 | I17: =SUM(F17:H17) -> 5.2507755e+08 | J17: =VLOOKUP(B17,'Resumen IFRS17 TMR'!$A$1:$F$34,6,FALSE) -> 5.2492773e+08 | K17: =I17-J17 -> 149822.09 | M17: =H17/(SUM(F17:G17)) -> 0.040296832
B18: 87020008801 | C18: 3.2916634e+08 | D18: =VLOOKUP(B18,'Resumen Contable TMR'!$A$1:$F$34,6,FALSE) -> 3.2916634e+08 | E18: =C18-D18 -> -0.11408532 | F18: 3.4022755e+08 | G18: 0 | H18: 13609102 | I18: =SUM(F18:H18) -> 3.5383665e+08 | J18: =VLOOKUP(B18,'Resumen IFRS17 TMR'!$A$1:$F$34,6,FALSE) -> 3.5383665e+08 | K18: =I18-J18 -> -0.082183301
B19: 87020008803 | C19: 2.306848e+08 | D19: =VLOOKUP(B19,'Resumen Contable TMR'!$A$1:$F$34,6,FALSE) -> 2.306848e+08 | E19: =C19-D19 -> 0.025470257 | F19: 2.3951283e+08 | G19: 0 | H19: 7185384.8 | I19: =SUM(F19:H19) -> 2.4669821e+08 | J19: =VLOOKUP(B19,'Resumen IFRS17 TMR'!$A$1:$F$34,6,FALSE) -> 2.4669821e+08 | K19: =I19-J19 -> 0.022971064
B20: 87020008804 | C20: 2.5864913e+08 | D20: =VLOOKUP(B20,'Resumen Contable TMR'!$A$1:$F$34,6,FALSE) -> 2.5864913e+08 | E20: =C20-D20 -> 0.40701959 | F20: 2.6261907e+08 | G20: 0 | H20: 10504763 | I20: =SUM(F20:H20) -> 2.7312383e+08 | J20: =VLOOKUP(B20,'Resumen IFRS17 TMR'!$A$1:$F$34,6,FALSE) -> 2.7312383e+08 | K20: =I20-J20 -> 0.36931098
B21: 87020008805 | C21: 3.4478541e+08 | D21: =VLOOKUP(B21,'Resumen Contable TMR'!$A$1:$F$34,6,FALSE) -> 3.4478541e+08 | E21: =C21-D21 -> -0.11525142 | F21: 3.5961082e+08 | G21: 0 | H21: 10788325 | I21: =SUM(F21:H21) -> 3.7039915e+08 | J21: =VLOOKUP(B21,'Resumen IFRS17 TMR'!$A$1:$F$34,6,FALSE) -> 3.7039915e+08 | K21: =I21-J21 -> -0.088174522
B22: 87020008806 | C22: 3.853801e+08 | D22: =VLOOKUP(B22,'Resumen Contable TMR'!$A$1:$F$34,6,FALSE) -> 3.853801e+08 | E22: =C22-D22 -> 0.036914825 | F22: 3.8837567e+08 | G22: 0 | H22: 15535027 | I22: =SUM(F22:H22) -> 4.039107e+08 | J22: =VLOOKUP(B22,'Resumen IFRS17 TMR'!$A$1:$F$34,6,FALSE) -> 4.039107e+08 | K22: =I22-J22 -> 0.031541467
B23: 87020008807 | C23: 3.1350693e+08 | D23: =VLOOKUP(B23,'Resumen Contable TMR'!$A$1:$F$34,6,FALSE) -> 3.1350693e+08 | E23: =C23-D23 -> -0.031792581 | F23: 3.239774e+08 | G23: 0 | H23: 12959096 | I23: =SUM(F23:H23) -> 3.369365e+08 | J23: =VLOOKUP(B23,'Resumen IFRS17 TMR'!$A$1:$F$34,6,FALSE) -> 3.369365e+08 | K23: =I23-J23 -> -0.020874619
B24: 87020008808 | C24: 1.6621809e+08 | D24: =VLOOKUP(B24,'Resumen Contable TMR'!$A$1:$F$34,6,FALSE) -> 1.6621809e+08 | E24: =C24-D24 -> 0.0053640306 | F24: 1.6559585e+08 | G24: 0 | H24: 6623834.1 | I24: =SUM(F24:H24) -> 1.7221969e+08 | J24: =VLOOKUP(B24,'Resumen IFRS17 TMR'!$A$1:$F$34,6,FALSE) -> 1.7221969e+08 | K24: =I24-J24 -> 0.0060844123
B25: 87020008809 | C25: 3.7872933e+08 | D25: =VLOOKUP(B25,'Resumen Contable TMR'!$A$1:$F$34,6,FALSE) -> 3.7872933e+08 | E25: =C25-D25 -> 0.0063079 | F25: 3.8326155e+08 | G25: 0 | H25: 15330462 | I25: =SUM(F25:H25) -> 3.9859201e+08 | J25: =VLOOKUP(B25,'Resumen IFRS17 TMR'!$A$1:$F$34,6,FALSE) -> 3.9859201e+08 | K25: =I25-J25 -> 0.0068643093
B26: 87020008810 | C26: 3.3794143e+08 | D26: =VLOOKUP(B26,'Resumen Contable TMR'!$A$1:$F$34,6,FALSE) -> 3.3794143e+08 | E26: =C26-D26 -> -0.24749923 | F26: 3.4867587e+08 | G26: 0 | H26: 13947035 | I26: =SUM(F26:H26) -> 3.626229e+08 | J26: =VLOOKUP(B26,'Resumen IFRS17 TMR'!$A$1:$F$34,6,FALSE) -> 3.626229e+08 | K26: =I26-J26 -> -0.17437392
B27: 87020008811 | C27: 4.4262844e+08 | D27: =VLOOKUP(B27,'Resumen Contable TMR'!$A$1:$F$34,6,FALSE) -> 4.4262844e+08 | E27: =C27-D27 -> -0.28509218 | F27: 4.4582657e+08 | G27: 4267287.2 | H27: 18068087 | I27: =SUM(F27:H27) -> 4.6816194e+08 | J27: =VLOOKUP(B27,'Resumen IFRS17 TMR'!$A$1:$F$34,6,FALSE) -> 4.6809761e+08 | K27: =I27-J27 -> 64332.297 | M27: =H27/(SUM(F27:G27)) -> 0.040142933
B28: 87020008812 | C28: 2.6466785e+08 | D28: =VLOOKUP(B28,'Resumen Contable TMR'!$A$1:$F$34,6,FALSE) -> 2.6466785e+08 | E28: =C28-D28 -> -0.78778914 | F28: 2.8849974e+08 | G28: 4560908.1 | H28: 12060610 | I28: =SUM(F28:H28) -> 3.0512126e+08 | J28: =VLOOKUP(B28,'Resumen IFRS17 TMR'!$A$1:$F$34,6,FALSE) -> 3.0478308e+08 | K28: =I28-J28 -> 338181.42 | M28: =H28/(SUM(F28:G28)) -> 0.041153973
B29: 87020008813 | C29: 4.2689126e+08 | D29: =VLOOKUP(B29,'Resumen Contable TMR'!$A$1:$F$34,6,FALSE) -> 4.2689126e+08 | E29: =C29-D29 -> 0.012403429 | F29: 4.3705004e+08 | G29: 0 | H29: 17482002 | I29: =SUM(F29:H29) -> 4.5453205e+08 | J29: =VLOOKUP(B29,'Resumen IFRS17 TMR'!$A$1:$F$34,6,FALSE) -> 4.5453205e+08 | K29: =I29-J29 -> 0.017612875
B30: 87020008814 | C30: 3.4718208e+08 | D30: =VLOOKUP(B30,'Resumen Contable TMR'!$A$1:$F$34,6,FALSE) -> 3.4718208e+08 | E30: =C30-D30 -> -0.1130228 | F30: 3.5858563e+08 | G30: 0 | H30: 14343425 | I30: =SUM(F30:H30) -> 3.7292906e+08 | J30: =VLOOKUP(B30,'Resumen IFRS17 TMR'!$A$1:$F$34,6,FALSE) -> 3.7292906e+08 | K30: =I30-J30 -> -0.080420673
B31: 87020008815 | C31: 3.8325103e+08 | D31: =VLOOKUP(B31,'Resumen Contable TMR'!$A$1:$F$34,6,FALSE) -> 3.8325103e+08 | E31: =C31-D31 -> -0.71435225 | F31: 4.2039523e+08 | G31: 2714255.5 | H31: 17917882 | I31: =SUM(F31:H31) -> 4.4102736e+08 | J31: =VLOOKUP(B31,'Resumen IFRS17 TMR'!$A$1:$F$34,6,FALSE) -> 4.4003386e+08 | K31: =I31-J31 -> 993501.5 | M31: =H31/(SUM(F31:G31)) -> 0.042348098
B32: 87020008816 | C32: 4.1868181e+08 | D32: =VLOOKUP(B32,'Resumen Contable TMR'!$A$1:$F$34,6,FALSE) -> 4.1868181e+08 | E32: =C32-D32 -> 0.01216501 | F32: 4.3705004e+08 | G32: 0 | H32: 8741000.9 | I32: =SUM(F32:H32) -> 4.4579105e+08 | J32: =VLOOKUP(B32,'Resumen IFRS17 TMR'!$A$1:$F$34,6,FALSE) -> 4.4579105e+08 | K32: =I32-J32 -> 0.017274082
B33: 87020008817 | C33: 4.8270633e+08 | D33: =VLOOKUP(B33,'Resumen Contable TMR'!$A$1:$F$34,6,FALSE) -> 4.8270633e+08 | E33: =C33-D33 -> 0.63675815 | F33: 4.8875586e+08 | G33: 0 | H33: 19550234 | I33: =SUM(F33:H33) -> 5.0830609e+08 | J33: =VLOOKUP(B33,'Resumen IFRS17 TMR'!$A$1:$F$34,6,FALSE) -> 5.0830609e+08 | K33: =I33-J33 -> 0.45360684
B34: 87020008818 | C34: 4.9327556e+08 | D34: =VLOOKUP(B34,'Resumen Contable TMR'!$A$1:$F$34,6,FALSE) -> 4.9327556e+08 | E34: =C34-D34 -> 0.60420656 | F34: 4.9819763e+08 | G34: 0 | H34: 19927905 | I34: =SUM(F34:H34) -> 5.1812554e+08 | J34: =VLOOKUP(B34,'Resumen IFRS17 TMR'!$A$1:$F$34,6,FALSE) -> 5.1812554e+08 | K34: =I34-J34 -> 0.41940469
B35: 87020008819 | C35: 2.9910522e+08 | D35: =VLOOKUP(B35,'Resumen Contable TMR'!$A$1:$F$34,6,FALSE) -> 2.9910522e+08 | E35: =C35-D35 -> 0.065363646 | F35: 2.905625e+08 | G35: 0 | H35: 8716875.1 | I35: =SUM(F35:H35) -> 2.9927938e+08 | J35: =VLOOKUP(B35,'Resumen IFRS17 TMR'!$A$1:$F$34,6,FALSE) -> 2.9927938e+08 | K35: =I35-J35 -> 0.043761015
